2026-09-27 14:21:44,AAPL,341.07,336.04
2026-09-27 14:21:44,GOOGL,343.92,342.35
2026-09-27 14:21:44,MSFT,516.17,499.04
2026-09-27 14:22:14,AAPL,341.07,336.04
2026-09-27 14:22:14,GOOGL,343.92,342.35
2026-09-27 14:22:14,MSFT,516.17,499.04
2026-10-04 12:08:23,AAPL,333.69,333.26
2026-10-04 12:08:23,GOOGL,343.50,341.32
2026-10-04 12:08:23,MSFT,517.53,519.39
2026-10-04 12:11:09,AAPL,333.69,333.26
2026-10-04 12:11:09,GOOGL,343.50,341.32
2026-10-04 12:11:09,MSFT,517.53,519.39
2026-10-04 12:11:39,AAPL,333.69,333.26
2026-10-04 12:11:39,GOOGL,343.50,341.32
2026-10-04 12:11:39,MSFT,517.53,519.39
2026-10-04 12:11:52,AAPL,333.69,333.26
2026-10-04 12:11:52,GOOGL,343.50,341.32
2026-10-04 12:11:52,MSFT,517.53,519.39
2026-10-04 12:11:52,NVDA,233.95,236.06
2026-10-04 12:12:09,AAPL,333.69,333.26
2026-10-04 12:12:09,GOOGL,343.50,341.32
2026-10-04 12:12:09,MSFT,517.53,519.39
2026-10-04 12:12:09,NVDA,233.95,236.06
2026-10-04 12:12:40,AAPL,333.69,333.26
2026-10-04 12:12:40,GOOGL,343.50,341.32
2026-10-04 12:12:40,MSFT,517.53,519.39
2026-10-04 12:12:40,NVDA,233.95,236.06
2026-10-04 12:13:10,AAPL,333.69,333.26
2026-10-04 12:13:10,GOOGL,343.50,341.32
2026-10-04 12:13:10,MSFT,517.53,519.39
2026-10-04 12:13:10,NVDA,233.95,236.06
2026-10-04 12:13:31,AAPL,333.69,333.26
2026-10-04 12:13:31,GOOGL,343.50,341.32
2026-10-04 12:13:31,MSFT,517.53,519.39
2026-10-04 12:13:31,NVDA,233.95,236.06
2026-10-04 12:13:40,AAPL,333.69,333.26
2026-10-04 12:13:40,GOOGL,343.50,341.32
2026-10-04 12:13:40,MSFT,517.53,519.39
2026-10-04 12:13:40,NVDA,233.95,236.06
2026-10-04 12:14:11,AAPL,333.69,333.26
2026-10-04 12:14:11,GOOGL,343.50,341.32
2026-10-04 12:14:11,MSFT,517.53,519.39
2026-10-04 12:14:11,NVDA,233.95,236.06
2026-10-04 12:23:35,AAPL,333.69,333.26
2026-10-04 12:23:35,GOOGL,343.50,341.32
2026-10-04 12:23:35,MSFT,517.53,519.39
2026-10-04 12:23:52,AAPL,333.69,333.26
2026-10-04 12:23:52,GOOGL,343.50,341.32
2026-10-04 12:23:52,MSFT,517.53,519.39
2026-10-04 12:23:52,NVDA,233.95,236.06
2026-10-04 12:24:05,AAPL,333.69,333.26
2026-10-04 12:24:05,GOOGL,343.50,341.32
2026-10-04 12:24:05,MSFT,517.53,519.39
2026-10-04 12:24:05,NVDA,233.95,236.06
2026-10-04 12:24:07,AAPL,333.69,333.26
2026-10-04 12:24:07,GOOGL,343.50,341.32
2026-10-04 12:24:07,MSFT,517.53,519.39
2026-10-04 12:24:07,NVDA,233.95,236.06
2026-10-04 12:24:16,AAPL,333.69,333.26
2026-10-04 12:24:16,GOOGL,343.50,341.32
2026-10-04 12:24:16,MSFT,517.53,519.39
2026-10-04 12:24:36,AAPL,333.69,333.26
2026-10-04 12:24:36,GOOGL,343.50,341.32
2026-10-04 12:24:36,MSFT,517.53,519.39
2026-10-04 12:25:06,AAPL,333.69,333.26
2026-10-04 12:25:06,GOOGL,343.50,341.32
2026-10-04 12:25:06,MSFT,517.53,519.39
